Afghanistan,Afghanistan,93,AF,c9dd70c3-64c0-4161-87fb-553e4f41ae7c
South Africa,Afrique Du Sud,27,ZA,18b749a5-f295-49e4-bac3-caf375530b6d
Albania,Albanie,355,AL,b1f724ff-9bbe-492b-b323-727c11f26695
Algeria,Algérie,213,DZ,baffc13a-e331-441b-869c-b740b180b3e6
Germany,Allemagne,49,DE,8cf0e47d-7217-4cb2-b306-26a92e58fd26
Andorra,Andorre,376,AD,9441c214-84d5-4deb-813b-d2528321e290
Angola,Angola,244,AO,7f709ba5-717d-4fac-a6ba-d313e1c7d142
Anguilla,Anguilla,1264,AI,d2c41e16-b071-49d9-81f2-3094b3c3570d
Antarctica,Antarctique,672,AQ,77780b1b-79e5-46a6-8609-5aa8cd54ba67
Antigua And Barbuda,Antigua-Et-Barbuda,1268,AG,7e6502be-85e6-40b8-b80a-7d9c3430aae8
Netherlands Antilles,Antilles Néerlandaises,599,AN,7ac9568a-b853-49c6-8242-daf6d8f16092
Saudi Arabia,Arabie Saoudite,966,SA,47c7fe15-76aa-4a6e-88d5-43e7cf87d098
Argentina,Argentine,54,AR,57abd0c0-5527-433c-8276-9e5758b1c66a
Armenia,Arménie,374,AM,6c543e57-52df-48a4-9a33-b5840d06bc5d
Aruba,Aruba,297,AW,1c9063a0-bf4a-485a-9ea8-b5983533a7ef
Australia,Australie,61,AU,7627fc90-0dc1-4126-8748-04918042c6d8
Austria,Autriche,43,AT,46d12c31-496c-4c97-a536-4409ff25bbee
Azerbaijan,Azerbaïdjan,994,AZ,203a926c-b88b-4f3a-a0b9-88beef095d3a
Bahamas,Bahamas,1242,BS,887e59e9-f832-4feb-af66-e84408e07931
Bahrain,Bahreïn,973,BH,88028ebe-ae24-4d69-ae4f-aecd5753fb02
Bangladesh,Bangladesh,880,BD,361e6174-d946-4981-88dd-f2247599a43e
Barbados,Barbade,1246,BB,c6b46cee-f5bb-4cbc-866e-c3786bb2b27a
Belarus,Biélorussie,375,BY,577d00cf-027c-4e70-a003-b7ac3f690491
Belgium,Belgique,32,BE,eb3ffa66-b3d2-42c6-b9d8-b42776811b89
Belize,Belize,501,BZ,a54dbb5f-6a88-4593-9dab-bd1f0d7c36cd
Benin,Bénin,229,BJ,1c4ad5e2-6190-42e7-a84f-81f2d495e6dd
Bermuda,Bermudes,1441,BM,d7121b90-5486-4763-a241-f578dedb2306
Bhutan,Bhoutan,975,BT,a002271f-9821-4cee-a9df-c79f4f8f1e9e
Burma - Myanmar,Birmanie - Myanmar,95,MM,25514521-1d32-48ef-a73b-a93775461dd4
Bolivia,Bolivie,591,BO,18c381a6-e4be-48aa-9a72-f7940c06c66a
Bosnia And Herzegovina,Bosnie-Herzégovine,387,BA,8c3ba9c8-9011-4b08-82aa-1cf58f5218fe
Botswana,Botswana,267,BW,fb296ce0-2f94-48b6-a2b6-dbf7dbb61404
Brazil,Brésil,55,BR,798d19f5-129e-4773-adeb-3505e7060d4f
Brunei,Brunéi,673,BN,d440b704-a61b-4ed2-9d19-80538043c361
Bulgaria,Bulgarie,359,BG,2857ee50-58bc-4790-8a92-2dc2c79b7dbc
Burkina Faso,Burkina Faso,226,BF,9f1ec37d-783d-4c97-b144-4c74cddaedb3
Burundi,Burundi,257,BI,3aab7e11-5799-41ae-bd34-bdabbc152b3d
Cayman Islands,"Caïmans, Îles",1345,KY,82176b75-fc33-466d-ba36-912f740fe3be
Cambodia,Cambodge,855,KH,dbed3c3c-6bd5-4ea1-aadb-538ce89131c8
Cameroon,Cameroun,237,CM,aa90728d-c1bf-43f7-aef2-311b7312fae3
Canada,Canada,1,CA,a244ed04-1a12-4f37-8b99-bfa63e694f27
Cape Verde,Cap-Vert,238,CV,fa3f3a1b-da77-4bdf-94ea-7eab5660a5c3
Central African Republic,République Centrafricaine,236,CF,02d4a489-ae81-4eb0-9bb0-5b48eba35512
Chile,Chili,56,CL,e2e37026-84d6-4019-9883-724e1a96ff35
China,Chine,86,CN,075f64d7-35a3-43b8-a5c8-27668ab3f353
Christmas Island,Île Christmas,61,CX,47063119-5fa0-4de0-9517-c5f9c5f71f6e
Cyprus,Chypre,357,CY,65fca35f-2703-43bd-9da0-d57519a679ec
Cocos (Keeling) Islands,Îles Cocos (Keeling),61891,CC,b5356942-fe53-4891-a485-f564f951cd03
Colombia,Colombie,57,CO,e74c4a31-5179-41d2-8f50-68f84d0fc9bc
Comoros,Comores,269,KM,c653249c-e9d2-4dfb-ab1a-e6601203ea70
Congo,Congo,242,CG,862286a7-cd20-4be3-919a-c6f6637a538c
Congo (DRC),Congo (RDC),243,CD,7d115119-5a12-4521-9d39-a7744878d110
Cook Islands,Îles Cook,682,CK,85ecf8a8-df53-4465-92ad-39ec7d19997e
South Korea,République De Corée,82,KR,c4db1258-ed9e-4f0d-9634-64f4fb935e81
Costa Rica,Costa Rica,506,CR,8fd98f92-77cd-44cc-bdd8-d23087d1b6f1
Ivory Coast,Côte D'Ivoire,225,CI,9348e3fd-5558-4f4d-8a3c-1151a302eb90
Croatia,Croatie,385,HR,5912384c-75c8-47e5-a5d0-3258ad8cfbaa
Cuba,Cuba,53,CU,3ce85dab-8861-49de-bd1b-3acb21f9cbf1
Denmark,Danemark,45,DK,6992a518-58ee-42ef-b4ba-e3c127037338
Djibouti,Djibouti,253,DJ,1c9d0266-8b79-4d67-8a4a-d8f23c9706d5
Dominican Republic,République Dominicaine,1,DO,7426197e-3ca6-46c6-8e0f-f206d8ed431a
Dominica,Dominique,1767,DM,b409b796-cf25-4154-ab1a-117e2b4a6e08
Egypt,Égypte,20,EG,4bae6787-bff6-4489-b242-3501464ef18f
El Salvador,El Salvador,503,SV,7202c9f9-0b6b-470f-8b7f-73340791211a
United Arab Emirates,Émirats Arabes Unis,971,AE,e6f78666-ddb0-4e9a-a5f2-8d80e1340772
Ecuador,Équateur,593,EC,fe2c9cc2-7422-4f6b-880b-e0e62f369ca4
Eritrea,Érythrée,291,ER,40addf41-097f-4f40-9171-8f13e4805e00
Spain,Espagne,34,ES,31fc74ad-5493-4581-9ebe-67a8f018aebb
Estonia,Estonie,372,EE,2831deec-b6dd-4900-aca6-f6fd79711e18
United States,États-Unis,1,US,57e25dcd-9b90-4efe-8e3d-50ce994a33a5
Ethiopia,Éthiopie,251,ET,fdaac52f-d759-48bc-9ed5-11c9cdad46e9
Falkland Islands (Malvinas),Îles Falkland (Malvinas),500,FK,37f0b1b0-9e2a-4e65-8ccd-fb2f0093c96c
Faroe Islands,Îles Féroé,298,FO,529720c7-0fe2-449b-a04d-0124490b9203
Fiji,Fidji,679,FJ,7192f67b-73da-4459-9601-199673286702
Finland,Finlande,358,FI,82feca1e-9868-4fe4-b5bc-4cae2a28da13
France,France,33,FR,d9b715c0-b8b8-457b-a730-94b8cfa29841
Gabon,Gabon,241,GA,0abf2f9f-c21e-4e65-97d4-c50395ac2cd3
Gambia,Gambie,220,GM,d527047e-9d05-49a2-b91c-19da4b5c1abc
Georgia,Géorgie,995,GE,3b09e8da-a736-48dd-9939-c042f49c4406
Ghana,Ghana,233,GH,fa867684-ecb8-4a6d-9024-fc4e5815946f
Gibraltar,Gibraltar,350,GI,525d5b84-7984-4f21-8768-1e531b7908ee
Greece,Grèce,30,GR,c06381bb-f965-464d-a359-8d018329ce63
Grenada,Grenade,1473,GD,28fa514f-6aa1-4542-93cb-8af770ea3113
Greenland,Groenland,299,GL,393a6132-ee47-41bc-a207-38b4bac557a8
Guadeloupe,Guadeloupe,590,GP,deddb3c6-d3e4-408a-9b1b-5bb028094557
Guam,Guam,1671,GU,0dd9eb9d-5707-4e4d-92c2-30433a1dc07e
Guatemala,Guatemala,502,GT,91a11718-4e76-4f19-89a6-465e5dd98de1
Guinea,Guinée,224,GN,89cfe811-76cb-4a9f-9e31-79e9b24e77ee
Equatorial Guinea,Guinée Équatoriale,240,GQ,30c57cae-73de-4cfa-b1a1-2e6c707de91c
Guinea-Bissau,Guinée-Bissau,245,GW,f6e6ffcd-dfe5-472d-9e42-052b099b2851
Guyana,Guyana,592,GY,02f67dca-8aca-4995-bd2b-13b36813d80a
French Guiana,Guyane Française,594,GF,54e51242-0c42-49af-a83f-e82bd5872fd7
Haiti,Haïti,509,HT,43fc7ce7-2c54-45a2-9cae-37ec287070b1
Honduras,Honduras,504,HN,6b7eea52-7c25-4f4d-83f5-46319a55ef0e
Hong Kong,Hong Kong,852,HK,3d9c703a-6b4d-4556-9da3-c5e2910c24c2
Hungary,Hongrie,36,HU,a09d3bad-9429-43d2-bc77-925f2495beb6
Norfolk Island,Île Norfolk,672,NF,76537992-c582-469a-9b8a-b367e2aae3a1
Northern Mariana Islands,Îles Mariannes Du Nord,1670,MP,ded396e9-6258-4a60-b320-99b69286fdec
United States Minor Outlying Islands,Îles Mineures Éloignées Des États-Unis,246,UM,c4da08b2-3b8d-4a4f-9a34-07400dd3b5e8
Pitcairn,Îles Pitcairn,64,PN,1cc93607-e2cb-4c87-a124-cf862fde1c05
Virgin Islands (British),Îles Vierges Britanniques,1284,VG,79f4ca7b-7501-4426-9ef8-42549142fc77
Virgin Islands (U.S.),Îles Vierges Des États-Unis,1,VI,f76d8358-52d0-4cd1-ab21-d743fa7e828e
India,Inde,91,IN,99ce1b51-0eee-4254-b281-6ef763ac06ec
Indonesia,Indonésie,62,ID,b1462638-a5a1-4a7e-8233-2473a1bfb6e5
Iran,Iran,98,IR,33dcad0b-7afd-4e1b-a2d7-550f38db73d0
Iraq,Iraq,964,IQ,51472fa4-b59c-44de-9a4e-a384557f506f
Ireland,Irlande,353,IE,e1214af6-c4bd-41c1-b67a-ce0439c39f33
Iceland,Islande,354,IS,ace4438d-c1f6-4982-8f29-856fdabd8428
Israel,Israël,972,IL,6c271893-f827-4251-8a9e-e428599b6da6
Italy,Italie,39,IT,ed6a8ef1-2984-4cd9-a031-1277cb36ab1c
Jamaica,Jamaïque,1876,JM,c39162d1-ef89-450f-8041-1be5e6bbc4c6
Japan,Japon,81,JP,f81b0235-8980-4644-a9f7-907d73fa724f
Jordan,Jordanie,962,JO,4efbb593-eebe-40cb-949a-1f1ecf915276
Kazakhstan,Kazakhstan,7,KZ,d7aab95d-a865-4676-8172-aab55487a23c
Kenya,Kenya,254,KE,dc5beabd-c150-4cbb-b0ed-d1bf0f7fc8cd
Kyrgyzstan,Kirghizistan,996,KG,132ebab6-0bcd-41f8-a4ad-3083ce3e88a8
Kiribati,Kiribati,686,KI,940ba309-2d49-424f-85c7-dec8e9c67030
Kuwait,Koweït,965,KW,cf7eb951-1212-417a-8e43-42ff11a5210c
Laos,Laos,856,LA,9ba2a695-e993-4c64-946f-b947f5fe8673
Lesotho,Lesotho,266,LS,46666eb2-85fe-4195-9453-bb192fc34a48
Latvia,Lettonie,371,LV,f97a0487-eef0-4ba6-b9df-84b80390c201
Lebanon,Liban,961,LB,caa2c42f-a6ac-4db6-ab56-8ada4ac274a3
Liberia,Libéria,231,LR,2f81aa45-3f82-4f5f-805f-7eada0626434
Libya,Libye,218,LY,26617601-6f55-40d1-9546-71922977e77c
Liechtenstein,Liechtenstein,423,LI,4d567811-54e7-4f38-bdb1-7cc303177d0f
Lithuania,Lituanie,370,LT,1f4d0464-191b-42a2-8563-36f635d7a241
Luxembourg,Luxembourg,352,LU,270703bf-7f87-40f7-8b20-d675e8acea56
Macedonia,Macédoine,389,MK,e2c1eb05-fbc9-4945-8a6e-4ee320e9f6a4
Madagascar,Madagascar,261,MG,a92dc008-bd52-43b0-ade3-7a03a654bcc8
Malaysia,Malaisie,60,MY,916ed573-2075-4d23-9704-16bac221c307
Malawi,Malawi,265,MW,3a84dfc6-00b3-4013-8619-d4f9e83a021f
Maldives,Maldives,960,MV,e8977a80-0e40-4ceb-a131-63fa76e164d9
Mali,Mali,223,ML,8fa9aae3-b18e-4045-9fc6-c9a31b5c12ea
Malta,Malte,356,MT,2b722a7b-575f-48ae-a2ef-5db5c7a6f636
Morocco,Maroc,212,MA,66e92bd9-f5bb-4deb-931a-28320211ec51
Marshall Islands,"Marshall, Îles",692,MH,578d7dcb-b734-4617-b585-d959db676886
Martinique,Martinique,596,MQ,147e6a1b-0eb0-4aa5-8b4b-b7155d17e9f0
Mauritius,Maurice,230,MU,f2387fda-9b25-4d7d-8e8e-0cd473354de5
Mauritania,Mauritanie,222,MR,b3d03207-e1ad-4802-a4b3-f6e1404fc875
Mayotte,Mayotte,269,YT,c5fc6cb8-2b57-4d8f-993a-1e9203cfb0f9
Mexico,Mexique,52,MX,57009c06-258b-4165-9b68-b60a9efaf888
Micronesia,Micronésie,691,FM,00722b32-9100-4691-9175-f37dc40ce156
Moldova,Moldavie,373,MD,be236be2-c666-48fe-9907-5c3797d8d9ab
Monaco,Monaco,377,MC,039cb5b2-4f24-49b0-be9d-3540dc92410b
Mongolia,Mongolie,976,MN,937b9fb5-918b-472e-8541-796d314067e8
Montserrat,Montserrat,1664,MS,84871323-48a9-427e-8253-42aeae2cf128
Mozambique,Mozambique,258,MZ,6517db74-e5c0-4ffa-9a32-72a122735d36
Namibia,Namibie,264,NA,bf1d6620-ce6b-44e6-a4e4-a746272bd659
Nauru,Nauru,674,NR,52b27dd6-55ea-4090-8c78-760d7363b0c6
Nepal,Népal,977,NP,da83e768-c9c1-4e7e-932b-90ce2b01577a
Nicaragua,Nicaragua,505,NI,7ae31f9e-7f73-407b-b4ca-f4aeba22cbc7
Niger,Niger,227,NE,26008c14-92f3-4621-b8d6-339b5f756f87
Nigeria,Nigéria,234,NG,cc2ae435-6280-44fc-9661-5913e9bc75a8
Niue,Niue,683,NU,85708baa-0dda-405d-b9c7-09ed42ff8adf
Norway,Norvège,47,NO,29ce9bce-a781-44dd-a0e3-d2c936dcefe4
New Caledonia,Nouvelle-Calédonie,687,NC,631a5c84-03f0-465b-b6c0-c678debdcd1a
New Zealand,Nouvelle-Zélande,64,NZ,c95088d0-1ad7-4949-ab3c-4ebbc0eabe05
Oman,Oman,968,OM,8492bd61-b495-4df4-87aa-8320b401c702
Uganda,Ouganda,256,UG,ece9f29c-5370-42f1-8270-f747280b91dd
Uzbekistan,Ouzbékistan,998,UZ,8b435637-0d05-44e2-beca-d2c894e56834
Pakistan,Pakistan,92,PK,1b724265-8c50-4555-8b73-edb5faa1db9f
Palau,Palaos,680,PW,8a14986e-b812-4f80-86d7-178f93d9cfcd
Panama,Panama,507,PA,a795aa42-1fd5-4330-9c93-b9872c57114f
Papua New Guinea,Papouasie-Nouvelle-Guinée,675,PG,0451a905-a72d-4835-a3b6-ceb6933eb754
Paraguay,Paraguay,595,PY,8cbb0cd2-fdef-4f60-950d-82247f3d6af1
Netherlands,Pays-Bas,31,NL,1b2574e8-4f27-425b-a5f3-9df992927a3d
Peru,Pérou,51,PE,dc4bce74-06e9-4eb5-a9cd-61c89651d3f2
Philippines,Philippines,63,PH,3daef499-0442-435f-ace5-bd1c1649b0f7
Poland,Pologne,48,PL,296e137d-6aab-49d8-8940-84146a7ca6d4
French Polynesia,Polynésie Française,689,PF,a809918e-4344-42ad-b7cf-01aabb20fcd6
Puerto Rico,Porto Rico,1787,PR,c83da743-c140-4ad5-8b98-bd75ebc47623
Portugal,Portugal,351,PT,e740e8dd-8fad-4e2b-8c9a-548202d856ca
Qatar,Qatar,974,QA,531d44a6-2548-490a-bc61-10f3795233ca
Reunion,Réunion,262,RE,eb74c198-3588-461a-8702-feae22939df3
Romania,Roumanie,40,RO,d978b6fd-4522-446c-b5c5-1c5d05b3a6f7
United Kingdom,Royaume-Uni,44,GB,90f97f23-13a7-4f02-88c3-f8d1ebfc8d3b
Russia,Russie,7,RU,b1c78c45-eb27-4aa9-a8ca-3526425429bf
Rwanda,Rwanda,250,RW,330dbc27-eff0-4ca0-96f2-9441155f4bc9
Western Sahara,Sahara Occidental,212,EH,40334753-77be-40c8-b865-3d0ee5f5f34b
St. Helena,Sainte-Hélène,290,SH,9115924b-79fe-4af2-b5a3-4ad24d709a08
Saint Lucia,Sainte-Lucie,1758,LC,537acd13-af60-441d-b563-3d707cc33b73
Saint Kitts And Nevis,Saint-Kitts-Et-Nevis,1869,KN,9e08917e-5893-4f64-b9ea-a49f502fc16c
St. Pierre And Miquelon,Saint-Pierre-Et-Miquelon,508,PM,e1e04dde-5409-43aa-9590-7196d55f35ba
Saint Vincent And The Grenadines,Saint-Vincent-Et-Les Grenadines,1784,VC,f0f220f9-3ea3-4e51-b437-f1db389bcbf2
Solomon Islands,Îles Salomon,677,SB,a977c571-3dd2-4925-a915-14a12159f25b
Samoa,Samoa,685,WS,863772b7-8aa7-451f-8bdf-9ddcef514a6f
American Samoa,Samoa Américaines,1684,AS,4207d7c6-ce70-4ec9-9fe0-d9c71045aed9
Sao Tome And Principe,Sao Tomé-Et-Principe,239,ST,b251ebb1-1cea-4af8-8b31-75dd6df76c81
Senegal,Sénégal,221,SN,00cfdec0-935f-4651-b2dd-0b164f5b3352
Seychelles,Seychelles,248,SC,938340d5-0448-4d27-b5bf-457046fd62e3
Sierra Leone,Sierra Leone,232,SL,770d476c-21a8-4866-8268-f96e31cbac12
Singapore,Singapour,65,SG,4e72dc70-c634-44e9-9fb7-46fc102d1c41
Slovakia,Slovaquie,421,SK,86e6b256-c6be-4070-af53-78f9e124122b
Slovenia,Slovénie,386,SI,14fbd86b-7f9e-450f-b502-6872ae8e97ad
Somalia,Somalie,252,SO,f21d63de-2b3a-42af-9bec-0c5d234ed80a
Sudan,Soudan,249,SD,86fe102a-2c1d-469a-a32f-68f5ba6b51f4
Sri Lanka,Sri Lanka,94,LK,a6adb76f-411e-48f5-8a13-1c5b48c3c141
Sweden,Suède,46,SE,7d1e9fb4-82d1-4d20-ae81-c3af0c0f45b9
Switzerland,Suisse,41,CH,ac68f950-a400-4133-b867-ffe39c68556d
Suriname,Suriname,597,SR,825d3a15-9d87-4b8c-a621-b985e62dd1f5
Swaziland,Swaziland,268,SZ,99200c70-9cc1-4da5-85b6-4af5eb3813e5
Syria,Syrie,963,SY,86eb1e69-73c6-44be-98f6-e36bd8fe1319
Tajikistan,Tadjikistan,992,TJ,8d9d3210-7fc0-449d-a64a-76fe656842fa
Taiwan,Taïwan,886,TW,26ac9304-0042-4185-ad43-51d263b1ac4a
Tanzania,Tanzanie,255,TZ,ef6f5f78-8fee-48db-809f-b2ba8563e5fd
Chad,Tchad,235,TD,3b2214d3-bd16-4813-b4e6-6d6a947bbc3f
Czech Republic,République Tchèque,420,CZ,2be071e0-135a-41ea-9b90-5f03ad276fb9
Thailand,Thaïlande,66,TH,227b6b0b-aa6b-4f74-9493-3b4467cb90b6
Togo,Togo,228,TG,a72a67bc-f53a-487a-b631-a4203cf85aa2
Tokelau,Tokelau,690,TK,5ac64895-f765-49c5-8acd-2d970e4880d1
Tonga,Tonga,676,TO,68f03248-18b9-4de3-8af4-94dbbee9d7d4
Trinidad And Tobago,Trinité-Et-Tobago,1868,TT,844ce38f-dff4-4618-a47f-8751a0ca7452
Tunisia,Tunisie,216,TN,cdf10491-6938-46c9-8f90-f8676c248fbb
Turkmenistan,Turkménistan,993,TM,4aee2c1b-b2f2-49a3-a29d-6f4ed6d6b992
Turks And Caicos Islands,Îles Turks-Et-Caïcos,1649,TC,d21e4ce6-f0a6-4717-8939-1757f1d1a0ce
Turkey,Turquie,90,TR,69599209-6c58-41dd-8b5d-4de14ddd5751
Tuvalu,Tuvalu,688,TV,b9238bbd-dab9-4a80-9aa1-f3a29aa7b52b
Ukraine,Ukraine,380,UA,7b7e6d23-2a29-418d-a03d-31fb18db708d
Uruguay,Uruguay,598,UY,c560dded-7db6-4a3d-abba-dc269f0c91f2
Vanuatu,Vanuatu,678,VU,7fcb9ebd-a3cf-4134-9e2c-6f60168ba0cd
Venezuela,Venezuela,58,VE,346341d6-181a-4dc5-be1b-7d8c411cae41
Viet Nam,Viet Nam,84,VN,77823826-7fd2-4ac6-aeb4-3ba37d5f5513
Wallis And Futuna Islands,Wallis Et Futuna,681,WF,577688c0-78d4-473b-b6e3-0228ff4cf197
Yemen,Yémen,967,YE,91b89477-f925-4af8-8912-6bf51edf640e
Zambia,Zambie,260,ZM,07044502-113c-4ac0-8bac-1bc7a7b8043f
Zimbabwe,Zimbabwe,263,ZW,89ba15a5-1ac2-4699-969e-8994d983d3a9
Serbia,Serbie,381,RS,a337e844-7ce0-4967-827a-7f5b06790097
Other country,Autre pays,0,AP,f15d28cc-9333-48b5-8553-2bf9f501b37c
South Sudan,Soudan du Sud,211,SS,9b7a53b9-e469-4323-af92-e9f3be34cfa6
North Korea,Corée Du Nord,850,KP,c5655230-30c6-4e3f-959b-1a8d33e9e702
Palestine,Palestine,0,Palestine,c78c28b8-dca9-4b6a-9261-d0470a3acd5f
Montenegro,Monténégro,382,ME,7616daaa-f125-4ccc-81e2-265cf075748f
Timor Leste,Timor Oriental,670,TL,a85a13b9-55fd-4821-a78a-7722c037cac2
Aland,Alande,358,AX,0668caea-bf62-4fb6-892e-3b39be7da202
Saint-Barthélemy,Saint-Barthélemy,977,BL,58b2ab6b-0de8-43bf-bbc6-1dbd199a8f79
Caribbean Netherlands,Pays-Bas caribéens,3166,BQ,8eb80a17-c76d-401b-8581-d0cea2d5e850
Curaçao,Curaçao,3166,CW,7d6e58f2-9b18-45e5-98e7-7299fcf4c17e
